"Term ID","Name","Slug","Term URI","Parent Term ID","Parent Name","Category: Level 1","Category: Level 2","Category: Level 3","Category: Level 4","Category: Level 5","Category: Level 6","Category: Level 7","Description","Heirachy","Display Type","Image","Image (Embed)","Order","Count","WordPress SEO - SEO Title","WordPress SEO - SEO Description","WordPress SEO - Focus Keyword","WordPress SEO - Canonical","WordPress SEO - Noindex","WordPress SEO - Sitemap include","WordPress SEO - Facebook Title","WordPress SEO - Facebook Description","WordPress SEO - Facebook Image","WordPress SEO - Twitter Title","WordPress SEO - Twitter Description","WordPress SEO - Twitter Image"
"209","Dagligt forbrug","dagligt-forbrug","https://haandsprit.dk/produkt-kategori/klinik/dagligt-forbrug/","192","Klinik","Klinik","Dagligt forbrug","","","","","","","Klinik>Dagligt forbrug","","https://haandsprit.dk/wp-content/uploads/2020/02/1000011771_special_1.jpg","","0","37","","","","","","","","","","","",""
"205","Køkken & toilet","koekken-toilet","https://haandsprit.dk/produkt-kategori/klinik/koekken-toilet/","192","Klinik","Klinik","Køkken & toilet","","","","","","","Klinik>Køkken & toilet","","https://haandsprit.dk/wp-content/uploads/2019/11/4148-002.jpg","","0","8","","","","","","","","","","","",""
"204","Plaster & forbinding","plaster-og-forbinding","https://haandsprit.dk/produkt-kategori/klinik/plaster-og-forbinding/","192","Klinik","Klinik","Plaster & forbinding","","","","","","","Klinik>Plaster & forbinding","","https://haandsprit.dk/wp-content/uploads/2019/10/2006082130.jpg","","0","22","","","","","","","","","","","",""
"201","Laboratorie & test","laboratorie-test","https://haandsprit.dk/produkt-kategori/klinik/laboratorie-test/","192","Klinik","Klinik","Laboratorie & test","","","","","","","Klinik>Laboratorie & test","","https://haandsprit.dk/wp-content/uploads/2019/10/1000011771_special_1-1.jpg","","0","19","","","Laboratorie & test","","","","","","","","",""
"199","Blodprøvetagning","blodproevetagning","https://haandsprit.dk/produkt-kategori/klinik/blodproevetagning/","192","Klinik","Klinik","Blodprøvetagning","","","","","","","Klinik>Blodprøvetagning","","https://haandsprit.dk/wp-content/uploads/2019/10/blood_1.jpg","","0","27","","","","","","","","","","","",""
"197","Undersøgelseshandsker","undersoegelseshandsker","https://haandsprit.dk/produkt-kategori/klinik/undersoegelseshandsker/","192","Klinik","Klinik","Undersøgelseshandsker","","","","","","","Klinik>Undersøgelseshandsker","","https://haandsprit.dk/wp-content/uploads/2019/08/20130926123.jpg","","0","3","","","","","","","","","","","",""
"196","Injektion","injektion","https://haandsprit.dk/produkt-kategori/klinik/injektion/","192","Klinik","Klinik","Injektion","","","","","","","Klinik>Injektion","","https://haandsprit.dk/wp-content/uploads/2019/10/injektion.jpg","","0","32","","","","","","","","","","","",""
"193","Konfekture","konfekture","https://haandsprit.dk/produkt-kategori/klinik/konfekture/","192","Klinik","Klinik","Konfekture","","","","","","","Klinik>Konfekture","","https://haandsprit.dk/wp-content/uploads/2019/10/212315.jpg","","0","3","","","","","","","","","","","",""
"192","Klinik","klinik","https://haandsprit.dk/produkt-kategori/klinik/","","","Klinik","","","","","","","Denne kategori er under udarbejdelse, men du kan naturligvis godt handle her alligevel.....","Klinik","","https://haandsprit.dk/wp-content/uploads/2020/02/1000011771_special_1.jpg","","0","0","","","","","","","","","","","",""
"189","LDPE engangshandsker","ldpe-engangshandsker","https://haandsprit.dk/produkt-kategori/engangshandsker/ldpe-engangshandsker/","14","Engangshandsker","Engangshandsker","LDPE engangshandsker","","","","","","","Engangshandsker>LDPE engangshandsker","","https://haandsprit.dk/wp-content/uploads/2019/10/fit-on-klar-polyhandske.jpg","","0","1","","","","","","","","","","","",""
"188","Latexhandsker","latexhandsker","https://haandsprit.dk/produkt-kategori/engangshandsker/latexhandsker/","14","Engangshandsker","Engangshandsker","Latexhandsker","","","","","","Latexhandsker anvendes til utallige formål, men først og fremmest indenfor sundhedsområdet. Handskerne sidder tæt på hånden og følger enhver bevægelse med maximal gennemfølingsevne.

Leder du efter Nitrilhandsker? Ved at <a href=""https://haandsprit.dk/produkt-kategori/gummihandsker/nitrilhandsker/"">klikke her</a> kan du se vore komplette udvalg af Nitrilhandsker.

Handskeholdere og -stativer kan du se ved at <a href=""https://haandsprit.dk/produkt-kategori/gummihandsker/handskestativer/"">klikke her.</a>

Husk at du altid kan få hjælp i forbindelse med produkter, køb samt store og små spørgsmål. <a href=""https://haandsprit.dk/produkt/hjaelp-i-telefonen/"">Få hjælp her.</a>","Engangshandsker>Latexhandsker","","https://haandsprit.dk/wp-content/uploads/2019/10/290122-290125.jpg","","0","3","","Håndsprit.dk er Latexhandsker, Nitrilhandsker samt alle produkter til håndhygiejne samt overfladedesinfektion. Levering fra dag-til-dag.","","","","","","","","","",""
"187","Alt i kategorien engangshandsker","alt-i-kategorien-engangshandsker","https://haandsprit.dk/produkt-kategori/engangshandsker/alt-i-kategorien-engangshandsker/","14","Engangshandsker","Engangshandsker","Alt i kategorien engangshandsker","","","","","","<ul>
 	<li>Nitrilhandsker.</li>
 	<li>Latexhandsker.</li>
 	<li>Handskeholdere og -stativer.</li>
</ul>
Håndsprit.dk fører alt i engangshandsker i Nitril, Latex samt i LDPE.

I denne kategori har vi gjort det så let som muligt for dig at få et samlet overblik over alle produkter i kategorien engangshandsker.

Skal du bruge Nitrilhandsker kan du finde oversigt over Nitrilhandsker <a href=""https://haandsprit.dk/produkt-kategori/gummihandsker/nitrilhandsker/"">ved at klikke her.</a>

Skal du bruge Latexhandsker, kan du finde oversigt over Latexhandsker <a href=""https://haandsprit.dk/produkt-kategori/gummihandsker/latexhandsker/"">ved at klikke her</a>

<strong>God fornøjelse og husk at du kan altid kan få hjælp og vedledning i forbindelse med produktvalg, handel samt store og små spørgsmål.</strong> <a href=""https://haandsprit.dk/produkt/hjaelp-i-telefonen/"">Klik her for at få hjælp</a>

 ","Engangshandsker>Alt i kategorien engangshandsker","","https://haandsprit.dk/wp-content/uploads/2019/10/2014081547.jpg","","0","14","","Håndsprit.dk fører alt i nitril samt latex engangshandsker samt handskeholdere og -stativer til nettets skarpeste priser.","","","","","","","","","",""
"186","Handskestativer","handskestativer","https://haandsprit.dk/produkt-kategori/engangshandsker/handskestativer/","14","Engangshandsker","Engangshandsker","Handskestativer","","","","","","","Engangshandsker>Handskestativer","","https://haandsprit.dk/wp-content/uploads/2018/04/41091-med-handsker.jpg","","0","3","","","","","","","","","","","",""
"185","Nitrilhandsker","nitrilhandsker","https://haandsprit.dk/produkt-kategori/engangshandsker/nitrilhandsker/","14","Engangshandsker","Engangshandsker","Nitrilhandsker","","","","","","Nitrilhandsker anvendes til utallige formål:
<ul>
 	<li>Sundhed</li>
 	<li>Fødevarer</li>
 	<li>Rengøring</li>
 	<li>Laboratorier</li>
 	<li>Klinikker</li>
 	<li>….og meget andet.</li>
</ul>
Nitrilhandsker udmærker sig ved at de, ligesom Latexhandsker, sidder tæt på hånden samt at du har fuld gennemfølingsevne til din opgave. Nitril handsker indeholder ikke latexproteiner, hvorfor du ikke oplever gener i forbindelse med kløe, ubehag samt øvrige allergisymptomer under anvendelse af Nitril handsker. Ja, faktisk anbefaler Statens Serum Institut anvendelse af Nitril handsker frem for handsker fremstillet af Latex.

Har du brug for hjælp i forbindelse med produkter, køb eller blot store eller små spørgsmål, kan du benytte dig af Håndsprit.dk´s support ved at <a href=""https://haandsprit.dk/produkt/hjaelp-i-telefonen/"">klikke her.</a>","Engangshandsker>Nitrilhandsker","","https://haandsprit.dk/wp-content/uploads/2019/10/2013032352_frit.jpg","","0","6","","Nitrilhandsker, latexhandsker samt alt tilhørende. Find nettets bedste priser på hygiejneprodukter og hurtig levering. Telefonsupport dagligt på 21959922.","Nitrilhandsker","","","","","","","","",""
"184","Purell desinfektionsservietter","purell-desinfektionsservietter","https://haandsprit.dk/produkt-kategori/overfladedesinfektion/purell-desinfektionsservietter/","16","Overfladedesinfektion","Overfladedesinfektion","Purell desinfektionsservietter","","","","","","PURELL desinfektionsservietter
Dispenserbox med 200

PURELL Overflade desinfektion – designet til overflader i kontakt med fødevarer
DESIGNET SPECIFIKT TIL OVERFLADER I KONTAKT MED FØDEVARER
Er testet for afsmag i fødevarer i henhold til ISO 4120:2007
En formel klar til brug, ingen behov skylning og efterlader ingen rester på overfladerne
Hurtigtvirkende formel, effektiv efter 30 sekunder
HØJ ANTIMIKROBIEL AKTIVITET - Bakteriedræbende, svampedræbende, virusdræbende Dræber Norovirus, E.Coli og Salmonella
Testet specifikt på Salmonella, Campylobacter, Listeria og gær i omgivelser med fødevarer
Kompatibelt med de fleste glatte overflader

 
PURELL Antimikrobielle Wipes Plus, desinfektionsservietter.
270 stk. i dispenserbox.

Holdbar, fnugfri Wipes
Fjerner let snavs fra hænderne
Høj effekt mod bakterier og gær, og er aktive på nogle vira.","Overfladedesinfektion>Purell desinfektionsservietter","","https://haandsprit.dk/wp-content/uploads/2019/08/116841-1-2.jpg","","0","5","","Purell wipes. Du finder et stort udvalg af Purell overflade desinfektions produkter samt Purell hånddesinfektion på Håndsprit.dk.","Purell desinfektionsservietter","","","","","","","","",""
"183","Skumsæbe dispensere","skumsaebe-dispensere","https://haandsprit.dk/produkt-kategori/dispensere/skumsaebe-dispensere/","15","Dispensere","Dispensere","Skumsæbe dispensere","","","","","","","Dispensere>Skumsæbe dispensere","","https://haandsprit.dk/wp-content/uploads/2017/05/101038.jpg","","0","8","","","","","","","","","","","",""
"168","Bæredygtighed","baeredygtighed","https://haandsprit.dk/produkt-kategori/dispensere/baeredygtighed/","15","Dispensere","Dispensere","Bæredygtighed","","","","","","I denne kategori finder du genbrugsemballage, økologiske produkter, grønne produkter samt produkter med fokus på bæredygtighed.","Dispensere>Bæredygtighed","","https://haandsprit.dk/wp-content/uploads/2019/04/recycle.jpg","","0","9","","I denne kategori finder du genbrugsemballage, økologiske produkter, grønne produkter samt produkter med fokus på bæredygtighed.","","","","","","","","","",""
"161","Bordispensere","borddispensere","https://haandsprit.dk/produkt-kategori/dispensere/borddispensere/","15","Dispensere","Dispensere","Bordispensere","","","","","","Borddispensere til papir og servietter","Dispensere>Bordispensere","","https://haandsprit.dk/wp-content/uploads/2019/04/552200-02.jpg","","0","1","","","","","","","","","","","",""
"159","Affaldssystemer","affaldssystemer","https://haandsprit.dk/produkt-kategori/papirvarer/affaldssystemer/","17","Papirvarer","Papirvarer","Affaldssystemer","","","","","","affaldssystemer","Papirvarer>Affaldssystemer","","https://haandsprit.dk/wp-content/uploads/2019/04/563008-01.jpg","","0","5","","","","","","","","","","","",""
"155","Tork Aftørringspapir og Aftørringsklude","tork-aftoerringspapir-og-aftoerringsklude","https://haandsprit.dk/produkt-kategori/papirvarer/tork-aftoerringspapir-og-aftoerringsklude/","17","Papirvarer","Papirvarer","Tork Aftørringspapir og Aftørringsklude","","","","","","Tork aftørringspapir og aftørringsklude","Papirvarer>Tork Aftørringspapir og Aftørringsklude","","https://haandsprit.dk/wp-content/uploads/2019/04/2013091032.jpg","","0","2","","","","","","","","","","","",""
"152","Injektion","injektion-overfladedesinfektion","https://haandsprit.dk/produkt-kategori/overfladedesinfektion/injektion-overfladedesinfektion/","16","Overfladedesinfektion","Overfladedesinfektion","Injektion","","","","","","Desinfektion af hud før eller i forbindelse med injektion","Overfladedesinfektion>Injektion","","https://haandsprit.dk/wp-content/uploads/2016/11/150148.jpg","","0","34","","","","","","","","","","","",""
"150","Desinfektion - fødevareområdet","desinfektion-foedevareomraadet","https://haandsprit.dk/produkt-kategori/overfladedesinfektion/desinfektion-foedevareomraadet/","16","Overfladedesinfektion","Overfladedesinfektion","Desinfektion - fødevareområdet","","","","","","Produkter til desinfektion indenfor fødevareområdet","Overfladedesinfektion>Desinfektion - fødevareområdet","","https://haandsprit.dk/wp-content/uploads/2017/06/760302.jpg","","0","12","","","","","","","","","","","",""
"149","Dax udvalg","dax-udvalg","https://haandsprit.dk/produkt-kategori/overfladedesinfektion/dax-udvalg/","16","Overfladedesinfektion","Overfladedesinfektion","Dax udvalg","","","","","","Udvalg af Dax produkter","Overfladedesinfektion>Dax udvalg","","https://haandsprit.dk/wp-content/uploads/2017/10/dax-ytdesinfektion-plus-468-12.jpg","","0","5","","","","","","","","","","","",""
"148","dispensere og tilbehør","dispensere-og-tilbehoer","https://haandsprit.dk/produkt-kategori/overfladedesinfektion/dispensere-og-tilbehoer/","16","Overfladedesinfektion","Overfladedesinfektion","dispensere og tilbehør","","","","","","Tilbehør og dispensere tilknyttet kategorien ""overfladedesinfektion""","Overfladedesinfektion>dispensere og tilbehør","","https://haandsprit.dk/wp-content/uploads/2018/02/23214.jpg","","0","9","","","","","","","","","","","",""
"147","Pal International udvalg","pal-international-udvalg","https://haandsprit.dk/produkt-kategori/overfladedesinfektion/pal-international-udvalg/","16","Overfladedesinfektion","Overfladedesinfektion","Pal International udvalg","","","","","","Udvalg af produkter fra Pal International","Overfladedesinfektion>Pal International udvalg","","https://haandsprit.dk/wp-content/uploads/2019/04/6105.jpg","","0","5","","","","","","","","","","","",""
"146","Abena udvalg","abena-udvalg","https://haandsprit.dk/produkt-kategori/overfladedesinfektion/abena-udvalg/","16","Overfladedesinfektion","Overfladedesinfektion","Abena udvalg","","","","","","Udvalg af Abena produkter","Overfladedesinfektion>Abena udvalg","","https://haandsprit.dk/wp-content/uploads/2018/06/150180.jpg","","0","8","","","","","","","","","","","",""
"145","Dispenser boxe","dispenser-boxe","https://haandsprit.dk/produkt-kategori/overfladedesinfektion/dispenser-boxe/","16","Overfladedesinfektion","Overfladedesinfektion","Dispenser boxe","","","","","","Desinfektionsklude og servietter i dispenserboxe","Overfladedesinfektion>Dispenser boxe","","https://haandsprit.dk/wp-content/uploads/2018/02/purell-holder2.jpg","","0","10","","","","","","","","","","","",""
"144","Wet Wipe udvalg","wet-wipe-udvalg","https://haandsprit.dk/produkt-kategori/overfladedesinfektion/wet-wipe-udvalg/","16","Overfladedesinfektion","Overfladedesinfektion","Wet Wipe udvalg","","","","","","Udvalg af Wet Wipe produkter samt tilhørende dispensere mv.","Overfladedesinfektion>Wet Wipe udvalg","","https://haandsprit.dk/wp-content/uploads/2017/11/81153.jpg","","0","16","","","","","","","","","","","",""
"143","Rodalon udvalg","rodalon-udvalg","https://haandsprit.dk/produkt-kategori/overfladedesinfektion/rodalon-udvalg/","16","Overfladedesinfektion","Overfladedesinfektion","Rodalon udvalg","","","","","","Udvalg af Rodalon produkter","Overfladedesinfektion>Rodalon udvalg","","https://haandsprit.dk/wp-content/uploads/2018/07/Rodalon-indendørs.jpg","","0","2","","","","","","","","","","","",""
"142","Hospitalssprit","hospitalssprit","https://haandsprit.dk/produkt-kategori/overfladedesinfektion/hospitalssprit/","16","Overfladedesinfektion","Overfladedesinfektion","Hospitalssprit","","","","","","Hospitalssprit samt tilhørende produkter","Overfladedesinfektion>Hospitalssprit","","https://haandsprit.dk/wp-content/uploads/2017/03/6942.jpg","","0","2","","","","","","","","","","","",""
"141","Alt","alt","https://haandsprit.dk/produkt-kategori/overfladedesinfektion/alt/","16","Overfladedesinfektion","Overfladedesinfektion","Alt","","","","","","Alle produkter i kategorien desinfektion","Overfladedesinfektion>Alt","","https://haandsprit.dk/wp-content/uploads/2017/02/haandsprit_logo_hvidbg_tekst_aflang-page-001-1.jpg","","0","49","","","","","","","","","","","",""
"140","Flydende desinfektion","flydende-desinfektion","https://haandsprit.dk/produkt-kategori/overfladedesinfektion/flydende-desinfektion/","16","Overfladedesinfektion","Overfladedesinfektion","Flydende desinfektion","","","","","","Flydende desinfektionsprodukter","Overfladedesinfektion>Flydende desinfektion","","https://haandsprit.dk/wp-content/uploads/2018/12/292023-2.jpg","","0","12","","","","","","","","","","","",""
"139","Desinfektion af hud og hænder","desinfektion-af-hud-og-haender","https://haandsprit.dk/produkt-kategori/overfladedesinfektion/desinfektion-af-hud-og-haender/","16","Overfladedesinfektion","Overfladedesinfektion","Desinfektion af hud og hænder","","","","","","Desinfektionsprodukter til huddesinfektion samt hånddesinfektion","Overfladedesinfektion>Desinfektion af hud og hænder","","https://haandsprit.dk/wp-content/uploads/2019/02/150149.jpg","","0","9","","","","","","","","","","","",""
"138","WipeClean udvalg","wipeclean-udvalg","https://haandsprit.dk/produkt-kategori/overfladedesinfektion/wipeclean-udvalg/","16","Overfladedesinfektion","Overfladedesinfektion","WipeClean udvalg","","","","","","Plum WipeClean produkter i udvalg","Overfladedesinfektion>WipeClean udvalg","","https://haandsprit.dk/wp-content/uploads/2019/04/WipeClean-group_Universal-Alco-Ethanol-1200px.jpg","","0","9","","","","","","","","","","","",""
"122","Vægholdere WipeClean","vaegholdere-wipeclean","https://haandsprit.dk/produkt-kategori/dispensere/vaegholdere-wipeclean/","15","Dispensere","Dispensere","Vægholdere WipeClean","","","","","","Vægholdere til Plum WipeClean.","Dispensere>Vægholdere WipeClean","","https://haandsprit.dk/wp-content/uploads/2019/02/2018-09-24-12-03-01.jpg","","0","0","","","","","","","","","","","",""
"114","Handske stativer","handske-stativer","https://haandsprit.dk/produkt-kategori/dispensere/handske-stativer/","15","Dispensere","Dispensere","Handske stativer","","","","","","Stativer samt holdere til engangshandsker.","Dispensere>Handske stativer","","https://haandsprit.dk/wp-content/uploads/2018/04/41091-med-handsker.jpg","","0","3","","Handskestativer og -holdere. Kvalitets produkter udført med henblik på brugervenlighed og rengøring. Få orden på dine engangshandsker med en holder.","","","","","","","","","",""
"108","Håndsæbe, stykvis","haandsaebe-stykvis","https://haandsprit.dk/produkt-kategori/haandsaebe/haandsaebe-stykvis/","11","Håndsæbe","Håndsæbe","Håndsæbe, stykvis","","","","","","Håndsæbe enkeltindpakket eller stykvis.","Håndsæbe>Håndsæbe, stykvis","","https://haandsprit.dk/wp-content/uploads/2018/12/6540.jpg","","0","1","","","","","","","","","","","",""
"102","Katrin håndklædeark","katrin-haandklaedeark","https://haandsprit.dk/produkt-kategori/papirvarer/katrin-haandklaedeark/","17","Papirvarer","Papirvarer","Katrin håndklædeark","","","","","","","Papirvarer>Katrin håndklædeark","","https://haandsprit.dk/wp-content/uploads/2018/10/101235.jpg","","0","2","","","","","","","","","","","",""
"99","DanaPure","danapure","https://haandsprit.dk/produkt-kategori/haandsprit/danapure/","10","Håndsprit","Håndsprit","DanaPure","","","","","","","Håndsprit>DanaPure","","https://haandsprit.dk/wp-content/uploads/2018/09/danapure-600-ml.jpg","","0","0","","","","","","","","","","","",""
"98","Håndpapir dispensere","haandpapir-dispensere","https://haandsprit.dk/produkt-kategori/dispensere/haandpapir-dispensere/","15","Dispensere","Dispensere","Håndpapir dispensere","","","","","","","Dispensere>Håndpapir dispensere","","https://haandsprit.dk/wp-content/uploads/2017/05/552100_01.jpg","","0","9","","","","","","","","","","","",""
"97","Tork","tork","https://haandsprit.dk/produkt-kategori/papirvarer/tork/","17","Papirvarer","Papirvarer","Tork","","","","","","","Papirvarer>Tork","","https://haandsprit.dk/wp-content/uploads/2017/03/tork-logo-1.jpg","","0","21","","","","","","","","","","","",""
"96","Håndklædeark","haandklaedeark","https://haandsprit.dk/produkt-kategori/papirvarer/haandklaedeark/","17","Papirvarer","Papirvarer","Håndklædeark","","","","","","","Papirvarer>Håndklædeark","","https://haandsprit.dk/wp-content/uploads/2017/01/premium-soft.jpg","","0","7","","","","","","","","","","","",""
"95","Dispensere til håndklædeark","dispensere-til-haandklaedeark","https://haandsprit.dk/produkt-kategori/papirvarer/dispensere-til-haandklaedeark/","17","Papirvarer","Papirvarer","Dispensere til håndklædeark","","","","","","","Papirvarer>Dispensere til håndklædeark","","https://haandsprit.dk/wp-content/uploads/2017/05/552100_01.jpg","","0","11","","","","","","","","","","","",""
"94","Toiletpapir","toiletpapir","https://haandsprit.dk/produkt-kategori/papirvarer/toiletpapir/","17","Papirvarer","Papirvarer","Toiletpapir","","","","","","","Papirvarer>Toiletpapir","","https://haandsprit.dk/wp-content/uploads/2018/05/6116.jpg","","0","4","","","","","","","","","","","",""
"93","Håndklæderuller","haandklaederuller","https://haandsprit.dk/produkt-kategori/papirvarer/haandklaederuller/","17","Papirvarer","Papirvarer","Håndklæderuller","","","","","","","Papirvarer>Håndklæderuller","","https://haandsprit.dk/wp-content/uploads/2018/06/12324-K90225_471110.jpg","","0","5","","","","","","","","","","","",""
"92","Køkkenrulle","koekkenrulle","https://haandsprit.dk/produkt-kategori/papirvarer/koekkenrulle/","17","Papirvarer","Papirvarer","Køkkenrulle","","","","","","","Papirvarer>Køkkenrulle","","https://haandsprit.dk/wp-content/uploads/2018/08/5390.jpg","","0","2","","","","","","","","","","","",""
"91","Lejepapir","lejepapir","https://haandsprit.dk/produkt-kategori/papirvarer/lejepapir/","17","Papirvarer","Papirvarer","Lejepapir","","","","","","","Papirvarer>Lejepapir","","https://haandsprit.dk/wp-content/uploads/2018/08/11491.jpg","","0","3","","","","","","","","","","","",""
"90","Alt med papirvarer","alt-med-papirvarer","https://haandsprit.dk/produkt-kategori/papirvarer/alt-med-papirvarer/","17","Papirvarer","Papirvarer","Alt med papirvarer","","","","","","","Papirvarer>Alt med papirvarer","","https://haandsprit.dk/wp-content/uploads/2017/02/haandsprit_logo_hvidbg_tekst_aflang-page-001-1.jpg","","0","30","","","","","","","","","","","",""
"85","Pal TX holder","pal-tx-holder","https://haandsprit.dk/produkt-kategori/dispensere/pal-tx-holder/","15","Dispensere","Dispensere","Pal TX holder","","","","","","","Dispensere>Pal TX holder","","https://haandsprit.dk/wp-content/uploads/2018/05/holder-til-pal-tx.jpg","","0","1","","","","","","","","","","","",""
"75","Plum automatisk / berøringsfri dispenser","plum-beroringsfri-dispensere","https://haandsprit.dk/produkt-kategori/dispensere/plum-beroringsfri-dispensere/","15","Dispensere","Dispensere","Plum automatisk / berøringsfri dispenser","","","","","","","Dispensere>Plum automatisk / berøringsfri dispenser","","https://haandsprit.dk/wp-content/uploads/2018/04/combiplum-berøringsfri.jpg","","0","2","","","","","","","","","","","",""
"73","Særtilbud","saertilbud","https://haandsprit.dk/produkt-kategori/saertilbud/","","","Særtilbud","","","","","","","","Særtilbud","","https://haandsprit.dk/wp-content/uploads/2018/05/tilbud1.jpg","","","1","","","","","","","","","","","",""
"72","Wet Wipe ståldispensere","wet-wipe-staaldispensere","https://haandsprit.dk/produkt-kategori/dispensere/wet-wipe-staaldispensere/","15","Dispensere","Dispensere","Wet Wipe ståldispensere","","","","","","","Dispensere>Wet Wipe ståldispensere","","https://haandsprit.dk/wp-content/uploads/2018/01/Wet-Wipe-ståldispenser.jpg","","0","2","","","","","","","","","","","",""
"71","Håndsæbe med pumpe","haandsaebe-med-pumpe","https://haandsprit.dk/produkt-kategori/haandsaebe/haandsaebe-med-pumpe/","11","Håndsæbe","Håndsæbe","Håndsæbe med pumpe","","","","","","","Håndsæbe>Håndsæbe med pumpe","","https://haandsprit.dk/wp-content/uploads/2016/10/F-Handsabe-0-500.jpg","","0","9","","Håndsprit.dk fører også et stort udvalg af håndsæbe. Både mild håndsæbe samt parfumeret og håndsæbe i praktiske flasker med pumper.","","","","","","","","","",""
"70","Dax håndsprit","dax-haandsprit","https://haandsprit.dk/produkt-kategori/haandsprit/dax-haandsprit/","10","Håndsprit","Håndsprit","Dax håndsprit","","","","","","","Håndsprit>Dax håndsprit","","https://haandsprit.dk/wp-content/uploads/2017/10/dax-hånddesinfektion-IPA-732-15.jpg","","0","7","","","","","","","","","","","",""
"69","Dax håndsæbe","dax-haandsaebe","https://haandsprit.dk/produkt-kategori/haandsaebe/dax-haandsaebe/","11","Håndsæbe","Håndsæbe","Dax håndsæbe","","","","","","","Håndsæbe>Dax håndsæbe","","https://haandsprit.dk/wp-content/uploads/2017/10/dax-allroundsæbe-245-15.jpg","","0","3","","","","","","","","","","","",""
"64","Derma Helse Håndsprit","derma-helse-haandsprit","https://haandsprit.dk/produkt-kategori/haandsprit/derma-helse-haandsprit/","10","Håndsprit","Håndsprit","Derma Helse Håndsprit","","","","","","","Håndsprit>Derma Helse Håndsprit","","https://haandsprit.dk/wp-content/uploads/2017/05/150741.jpg","","0","9","","","","","","","","","","","",""
"63","Pristine- samt PrimeSource skumsæbe","gojo-primesource-skumsaebe","https://haandsprit.dk/produkt-kategori/haandsaebe/gojo-primesource-skumsaebe/","11","Håndsæbe","Håndsæbe","Pristine- samt PrimeSource skumsæbe","","","","","","","Håndsæbe>Pristine- samt PrimeSource skumsæbe","","https://haandsprit.dk/wp-content/uploads/2017/05/100150.jpg","","0","10","","","","","","","","","","","",""
"62","Sterisol håndsprit","sterisol-haandsprit-refills-07-l","https://haandsprit.dk/produkt-kategori/haandsprit/sterisol-haandsprit-refills-07-l/","10","Håndsprit","Håndsprit","Sterisol håndsprit","","","","","","Sterisol er en anerkendt svensk producent af håndhygiejne produkter til sundhedområdet, industrien samt fødevareområdet.
Sterisol hånddesinfektion:

• Hurtig og effektiv
• Bred effekt mod bakterier (10 gange mere effektiv end vask med sæbe og vand)
• God effekt mod virus
• God effekt mod tbc
• Effektiv mod svamp","Håndsprit>Sterisol håndsprit","","https://haandsprit.dk/wp-content/uploads/2016/11/Sterisol-Hand-disinfectant-Ethanol-600x600.jpg","","0","10","","Sterisol er anerkendt svensk producent af håndhygiejne produkter til sundhedområdet, industrien samt fødevareområdet. Har ositiv CEI vurdering hos SSI","Sterisol","","","","","","","","",""
"60","Alle håndsæbe produkter","alle-haandsaebe-produkter-haandsaebe","https://haandsprit.dk/produkt-kategori/haandsaebe/alle-haandsaebe-produkter-haandsaebe/","11","Håndsæbe","Håndsæbe","Alle håndsæbe produkter","","","","","","","Håndsæbe>Alle håndsæbe produkter","","https://haandsprit.dk/wp-content/uploads/2017/02/haandsprit_logo_hvidbg_tekst_aflang-page-001-1.jpg","","0","39","","","","","","","","","","","",""
"58","Abena håndsæbe","abena-haandsaebe","https://haandsprit.dk/produkt-kategori/haandsaebe/abena-haandsaebe/","11","Håndsæbe","Håndsæbe","Abena håndsæbe","","","","","","","Håndsæbe>Abena håndsæbe","","https://haandsprit.dk/wp-content/uploads/2017/05/abena-håndsæbe.jpg","","0","10","","","","","","","","","","","",""
"57","Derma family håndsæbe","derma-family-haandsaebe","https://haandsprit.dk/produkt-kategori/haandsaebe/derma-family-haandsaebe/","11","Håndsæbe","Håndsæbe","Derma family håndsæbe","","","","","","","Håndsæbe>Derma family håndsæbe","","https://haandsprit.dk/wp-content/uploads/2016/10/F-Handsabe-0-500.jpg","","0","0","","","","","","","","","","","",""
"56","Plum håndsæbe","plum-haandsaebe","https://haandsprit.dk/produkt-kategori/haandsaebe/plum-haandsaebe/","11","Håndsæbe","Håndsæbe","Plum håndsæbe","","","","","","","Håndsæbe>Plum håndsæbe","","https://haandsprit.dk/wp-content/uploads/2016/07/1636-Fresh-10-l-pose-CombiPlum-system.jpg","","0","17","","","","","","","","","","","",""
"54","Sterisol håndsæbe","sterisol-haandsaebe","https://haandsprit.dk/produkt-kategori/haandsaebe/sterisol-haandsaebe/","11","Håndsæbe","Håndsæbe","Sterisol håndsæbe","","","","","","","Håndsæbe>Sterisol håndsæbe","","https://haandsprit.dk/wp-content/uploads/2017/03/4815.jpg","","0","9","","","","","","","","","","","",""
"53","Derma Helse håndsæbe","derma-helse-haandsaebe","https://haandsprit.dk/produkt-kategori/haandsaebe/derma-helse-haandsaebe/","11","Håndsæbe","Håndsæbe","Derma Helse håndsæbe","","","","","","","Håndsæbe>Derma Helse håndsæbe","","https://haandsprit.dk/wp-content/uploads/2017/05/150739.jpg","","0","7","","","","","","","","","","","",""
"52","Start-pakker og gode tilbud","start-pakker-og-gode-tilbud-haandsaebe","https://haandsprit.dk/produkt-kategori/haandsaebe/start-pakker-og-gode-tilbud-haandsaebe/","11","Håndsæbe","Håndsæbe","Start-pakker og gode tilbud","","","","","","","Håndsæbe>Start-pakker og gode tilbud","","https://haandsprit.dk/wp-content/uploads/2017/03/lasse1.jpg","","0","7","","","","","","","","","","","",""
"51","Tork håndsæbe","tork-haandsaebe","https://haandsprit.dk/produkt-kategori/haandsaebe/tork-haandsaebe/","11","Håndsæbe","Håndsæbe","Tork håndsæbe","","","","","","","Håndsæbe>Tork håndsæbe","","https://haandsprit.dk/wp-content/uploads/2017/05/520701.jpg","","0","7","","","","","","","","","","","",""
"50","Tork skumsæbe/skumdesinfektion dispensere","tork-skumsaebe-skumdesinfektion-dispensere","https://haandsprit.dk/produkt-kategori/dispensere/tork-skumsaebe-skumdesinfektion-dispensere/","15","Dispensere","Dispensere","Tork skumsæbe/skumdesinfektion dispensere","","","","","","","Dispensere>Tork skumsæbe/skumdesinfektion dispensere","","https://haandsprit.dk/wp-content/uploads/2017/05/561600_01.jpg","","0","6","","","","","","","","","","","",""
"40","Tork papir dispensere","tork-papir-dispensere","https://haandsprit.dk/produkt-kategori/dispensere/tork-papir-dispensere/","15","Dispensere","Dispensere","Tork papir dispensere","","","","","","","Dispensere>Tork papir dispensere","","https://haandsprit.dk/wp-content/uploads/2017/05/552000_02.jpg","","0","3","","","","","","","","","","","",""
"39","Start-pakker og gode tilbud","start-pakker-og-gode-tilbud","https://haandsprit.dk/produkt-kategori/haandsprit/start-pakker-og-gode-tilbud/","10","Håndsprit","Håndsprit","Start-pakker og gode tilbud","","","","","","","Håndsprit>Start-pakker og gode tilbud","","https://haandsprit.dk/wp-content/uploads/2017/02/lasse2.jpg","","0","9","","","","","","","","","","","",""
"36","Alle dispensere","alle-dispensere","https://haandsprit.dk/produkt-kategori/dispensere/alle-dispensere/","15","Dispensere","Dispensere","Alle dispensere","","","","","","","Dispensere>Alle dispensere","","https://haandsprit.dk/wp-content/uploads/2017/02/haandsprit_logo_hvidbg_tekst_aflang-page-001-1.jpg","","0","67","","","","","","","","","","","",""
"35","Plum dispensere","plum-dispensere","https://haandsprit.dk/produkt-kategori/dispensere/plum-dispensere/","15","Dispensere","Dispensere","Plum dispensere","","","","","","","Dispensere>Plum dispensere","","https://haandsprit.dk/wp-content/uploads/2018/04/combiplum-manuel.jpg","","0","14","","","","","","","","","","","",""
"34","Dispenser start-pakker og gode dispenser tilbud","dispenser-start-pakker","https://haandsprit.dk/produkt-kategori/dispensere/dispenser-start-pakker/","15","Dispensere","Dispensere","Dispenser start-pakker og gode dispenser tilbud","","","","","","","Dispensere>Dispenser start-pakker og gode dispenser tilbud","","https://haandsprit.dk/wp-content/uploads/2017/02/lasse2.jpg","","0","12","","","","","","","","","","","",""
"33","Sterisol dispensere, manuelle & berøringsfri","sterisol-dispensere","https://haandsprit.dk/produkt-kategori/dispensere/sterisol-dispensere/","15","Dispensere","Dispensere","Sterisol dispensere, manuelle & berøringsfri","","","","","","","Dispensere>Sterisol dispensere, manuelle & berøringsfri","","https://haandsprit.dk/wp-content/uploads/2016/04/4567.jpg","","0","13","","","","","","","","","","","",""
"32","Plasterdispensere","plasterdispensere","https://haandsprit.dk/produkt-kategori/dispensere/plasterdispensere/","15","Dispensere","Dispensere","Plasterdispensere","","","","","","","Dispensere>Plasterdispensere","","https://haandsprit.dk/wp-content/uploads/2016/02/2007101402.jpg","","0","8","","","","","","","","","","","",""
"31","Flytbare standere","flytbare-standere","https://haandsprit.dk/produkt-kategori/dispensere/flytbare-standere/","15","Dispensere","Dispensere","Flytbare standere","","","","","","Med en stander til din dispenser kan du sikre tilbud om grundig hånd-hygiejne hvor som hest.","Dispensere>Flytbare standere","","https://haandsprit.dk/wp-content/uploads/2016/11/46003-1.jpg","","0","5","","","","","","","","","","","",""
"30","Purell håndsprit dispensere","purell-dispenser","https://haandsprit.dk/produkt-kategori/dispensere/purell-dispenser/","15","Dispensere","Dispensere","Purell håndsprit dispensere","","","","","","<p class=""short-description"">PURELL LTX berøringsfri dispensere 1200 / 700 ml</p>

<ul>
 	<li>Den store PURELL berøringsfri dispenser til 1200 ml er ideel til områder med mange brugere.</li>
 	<li>Den mindre 700 ml PURELL berøringsfri dispenser er ideel til små områder. Det brede vindue og de krystalklare refillflasker gør det nemt at se, hvornår der skal skiftes refill. Kan låses uden videre ved blot at fjerne nøglen inde i dispenseren. Vores CONTROLLED COLLAPSE-refiller der holder faconen, når de er tomme, så de altid ser pæne ud. Den aftagelige pumpe gør genbrug nemmere. SANITARY SEALED™-refiller er lavet af robust, genanvendeligt PET-materiale med 30 % mindre plastik end hårde HDPE-refiller.</li>
 	<li>
<div class=""left-column clearfix""></div>
<div class=""right-column clearfix"">
<div class=""header-section clearfix"">
<h2>PURELL Advanced Gel Til Hånddesinfektion</h2>
<h3>En behagelig hånddesinfektions gel, som kliniske test har vist også opretholder hudens sundhed</h3>
</div>
<div class=""product-info-container clearfix"">
<div class=""product-info clearfix"">
<ul>
 	<li>Indeholder fugtgivende ingredienser der hjælper med at bevare en sund hud</li>
 	<li>Dræber 99,99% af de mest almindelige bakterier, som kan være skadelige</li>
 	<li>Opfylder: Bakteriedræbende i henhold til EN 1500 (Hånddesinfektion), EN 12791 (Kirurgisk hånddesinfektion), Virusdræbende i henhold til EN 14476</li>
 	<li>70% alkoholformulering velegnet til hyppig brug af hospitalspersonale</li>
 	<li>Hygiejnisk hånddesinfektion uden brug af vand</li>
 	<li>Specielt udviklet med fugtgivende ingredienser der efterlader hænderne bløde og friske</li>
 	<li>Anbefales på visuelt rene hænder og i forbindelse med et håndhygiejne program</li>
 	<li>Godkendt i test af afsmag på fødevarer i henhold til EN 4120:2007</li>
 	<li>SMART-FLEX ™ flaske design lavet af 30% mindre materiale end HDPE</li>
 	<li>Controlled collapse bottles – Patenteret refill konstrueret til at holde formen, selv når de er næsten tomme</li>
 	<li>Flytbar pumpe fremmer praktisk genbrug</li>
 	<li>SANITARY SEALED™ refiller forhindrer smitte sprednin</li>
</ul>
</div>
</div>
</div></li>
</ul>","Dispensere>Purell håndsprit dispensere","","https://haandsprit.dk/wp-content/uploads/2019/09/dispenser-purell-sort-krom.jpg","","0","16","","Purell berøringsfri dispenser er det ideelle valg indenfor håndsprit dispensere. Krystalklare flasker gør det nemt at se hvornår refillen skal skiftes","Purell","","","","","","","","",""
"29","Dispensere i tråd & stål","traad-og-staal-dispensere","https://haandsprit.dk/produkt-kategori/dispensere/traad-og-staal-dispensere/","15","Dispensere","Dispensere","Dispensere i tråd & stål","","","","","","","Dispensere>Dispensere i tråd & stål","","https://haandsprit.dk/wp-content/uploads/2017/02/6899.jpg","","0","31","","dispensere fremstillet i rustfrit tråd og stål. Dispenserne passer til flasker, pakker med servietter samt øvrige produkter.","Dispensere i tråd & stål","","","","","","","","",""
"27","Alle","alle","https://haandsprit.dk/produkt-kategori/haandsprit/alle/","10","Håndsprit","Håndsprit","Alle","","","","","","","Håndsprit>Alle","Subcategories","https://haandsprit.dk/wp-content/uploads/2017/02/haandsprit_logo_hvidbg_tekst_aflang-page-001-1.jpg","","0","46","","","","","","","","","","","",""
"25","Purell","purell","https://haandsprit.dk/produkt-kategori/haandsprit/purell/","10","Håndsprit","Håndsprit","Purell","","","","","","Purell er et yderst populært hånddesinfektionsprodukt som er behageligt at anvende og let at betjene i det daglige. Purell er af Statens Serum Institut vurderet egnet til hånddesinfektion samt kirurgisk hånddesinfektion. Dispenserne fås i hvid og sort/krom og passer designmæssigt ind i de fleste miljøer. Ønsker du en opsætning med dispensere til både håndsprit samt håndsæbe, findes der naturligvis også en løsning på dette. Først vælger du Purell håndsprit dispensere, enten LTX-7 eller LTX-12, og herefter <a href=""https://haandsprit.dk/produkt-kategori/haandsaebe/gojo-primesource-skumsaebe/"">klikker du her.</a> Pristine skumsæbe dispensere i LTX-7 eller LTX-12, passer sammen med Purell. Har du spørgsmål til produkter eller andet, kan du benytte dig af support på telefon 21 95 99 22. God fornøjelse.","Håndsprit>Purell","Subcategories","https://haandsprit.dk/wp-content/uploads/2016/11/102518.jpg","","0","17","","Køb Purell til den billigste pris hos Danmarks Håndsprit-specialist nr. 1. Klinikartikler, håndsprit, overfladedesinfektion, cremesæbe mv.","Purell","","","","","","","","",""
"24","Plum håndsprit","plum-haandsprit","https://haandsprit.dk/produkt-kategori/haandsprit/plum-haandsprit/","10","Håndsprit","Håndsprit","Plum håndsprit","","","","","","","Håndsprit>Plum håndsprit","Subcategories","https://haandsprit.dk/wp-content/uploads/2016/02/kvadrat6.jpg","","0","20","","","","","","","","","","","",""
"23","Derma håndsprit","derma-haandsprit","https://haandsprit.dk/produkt-kategori/haandsprit/derma-haandsprit/","10","Håndsprit","Håndsprit","Derma håndsprit","","","","","","","Håndsprit>Derma håndsprit","Subcategories","https://haandsprit.dk/wp-content/uploads/2016/08/Derma-Helse-Håndsprit-gel.jpg","","0","6","","","","","","","","","","","",""
"22","Abena håndsprit","abena-haandsprit","https://haandsprit.dk/produkt-kategori/haandsprit/abena-haandsprit/","10","Håndsprit","Håndsprit","Abena håndsprit","","","","","","","Håndsprit>Abena håndsprit","","https://haandsprit.dk/wp-content/uploads/2016/07/6917_1.jpg","","0","14","","","","","","","","","","","",""
"18","Servietter til desinfektion, injektion samt personlig pleje","servietter","https://haandsprit.dk/produkt-kategori/servietter/","","","Servietter til desinfektion, injektion samt personlig pleje","","","","","","","Rene hænder er ikke kun vigtigt på arbejdspladsen, men også i hverdagen. Derfor har vi et bredt udvalg af hygiejneservietter med og uden ethanol, fra bl.a. Wet Wipes, i flere forskellige varianter.

<h2>Hygiejneservietter af kvalitet</h2>
Vores hygiejneservietter sikrer bakteriefrie genstande og overflader. Minimerer risikoen for infektioner og smitte. Specielt velegnet til brug i fødevareindustrien, hospitals- og plejesektoren, hvor der stilles store krav til hygiejne.

Har du spørgsmål eller brug for en større ordre, skal du være velkommen til at ringe på telefon <a href=""tel:21959922"">21 95 99 22</a>.","Servietter til desinfektion, injektion samt personlig pleje","","https://haandsprit.dk/wp-content/uploads/2017/02/150146.jpg","","0","48","Hygiejneservietter til engros & privat | Øg hygiejnen & minimer smitte","Med de rigtige hygiejneservietter fjerner du ikke bare bakterier, men minimerer risikoen for smitte. Se blandt andet vores udvalg af Wet Wipes med eller uden ethanol. Køb online og få levering inden for 2 hverdage.","Servietter til desinfektion, injektion samt personlig pleje","","","","","","","","",""
"17","Papirvarer","papirvarer","https://haandsprit.dk/produkt-kategori/papirvarer/","","","Papirvarer","","","","","","","Hos <a href=""/"" title=""Vi sørger for øget håndhygiejne"">Håndsprit.dk</a> har vi både udvalg af papirvarer fra Katrin og Tork.
Om du er mest til papir fra Katrin eller Tork, er ofte en vane- og humørsag. Mange er således ofte loyale for et givent papirbrand, hvis  prisen de betaler er god, samt at de er tilfredse med kvaliteten af papiret.

<h2>Papirvarer i alle størrelser og kvaliteter</h2>
Vi fører et kæmpe sortiment af papirvarer i forskellige størrelser og kvaliteter, fra henholdsvis Katrin og Tork. Vores brede sortiment gør, at vi kan hjælpe dig uanset hvilket behov for <a href=""/produkt-kategori/papirvarer/haandklaedeark/"" title=""Håndklædeark i høj kvalitet"">håndklædeark</a>, <a href=""/produkt-kategori/papirvarer/haandklaederuller/"" title=""Håndklæderuller til ethvert formål"">håndklæderuller</a>, <a href=""/produkt-kategori/papirvarer/koekkenrulle/"" title=""Køb dine køkkenruller her"">køkkenruller</a>, <a href=""/produkt-kategori/papirvarer/lejepapir/"" title=""Lejepapir til enhver klinik og virksomhed mv."">lejepapir</a> eller <a href=""/produkt-kategori/papirvarer/toiletpapir/"" title=""Toiletpapir til ethvert formål"">toiletpapir</a>, som du måtte have brug for. Vores papirvarer passer til de fleste papirdispensere på markedet, men vi sælger selvfølgelig også selv <a href=""/produkt-kategori/dispensere/haandpapir-dispensere/"" title=""Håndpapir dispensere til papirvarer mv."">håndpapir dispensere</a> , såfremt du også har brug for det.","Papirvarer","","https://haandsprit.dk/wp-content/uploads/2017/01/premium-soft.jpg","","0","31","Papirvarer til engros og private | Håndklædeark, -ruller og lejepapir","Øg hygiejnen og reducer risikoen for smitte med engangspapir. Vi har alt fra håndklædeark og håndklæderuller til lejepapir, køkkenrulle og toiletpapir mv. Vores sortiment er kæmpe men priserne små. Se vores udvalg og bestil online her.","Papirvarer","","","","","","","","",""
"16","Overfladedesinfektion","overfladedesinfektion","https://haandsprit.dk/produkt-kategori/overfladedesinfektion/","","","Overfladedesinfektion","","","","","","","Desinfektion af overflader skal udføres korrekt. Hos Håndsprit.dk finder du et bredt udvalg af produkter. Lige fra præ-fugtede servietter med Ethanol til de højeffektive engangsklude fra Wet Wipe med aktivt klor: <a title=""Klorservietter fra Wet Wipe"" href=""/produkt/wet-wipe-floor-mop-chlorine-45x13-cm-pakke-med-3-stykker/"">klorservietter fra Wet Wipe</a>.
<h2>Effektive desinfektionsmidler</h2>
Desinfektionsmidler er effektive i kampen mod bakterier. Hos Håndsprit.dk finder også et bredt udvalg af CEI-vurderede produkter, velegnede til institutioner, klinikker samt steder hvor desinfektion efter patienter, eller kunder i patient-lignende situationer, færdes.

Finder du ikke hvad du søger, har du spørgsmål eller ønsker du en større ordre, skal du være velkommen til at ringe på telefon <a href=""tel:21959922"">21 95 99 22</a>","Overfladedesinfektion","","https://haandsprit.dk/wp-content/uploads/2017/11/81153.jpg","","0","43","Overfladedesinfektion med ethanol og klorindhold | Kæmpe udvalg","Overfladedesinfektion i bredt udvalg. Vi leverer til private, virksomheder og offentlige institutioner. Her kan du finde desinfektionsmiddel i form af servietter, spray og dunke. Køb online her.","Overfladedesinfektion","","","","","","","","",""
"15","Dispensere","dispensere","https://haandsprit.dk/produkt-kategori/dispensere/","","","Dispensere","","","","","","","Hos <a title=""Håndhygiejne til ethvert formål"" href=""/"">Håndsprit.dk</a> kan du finde et kæmpe udvalg af dispensere til refills.

Dispensersystemer velegnet til steder med høje hygiejnekrav sammen med luft- og bakterietætte poser med <a title=""Reducer risikoen for sygdom med håndsprit"" href=""/produkt-kategori/haandsprit/"">håndsprit</a> og <a title=""Vi har håndsæbe til ethvert formål"" href=""/produkt-kategori/haandsaebe/"">håndsæbe</a> til at fylde op med, er løsningen på helt rene omgivelser –og helt rene hænder.

Vi har også et spændende udvalg af plasterdispensere, heriblandt de smarte <a title=""Smart plasterdispenser fra Plum"" href=""/produkt-kategori/dispensere/plasterdispensere/"">QuickFix plasterdispensere</a> fra Plum.

Uanset om du har behov for en dispenser der kan tåle kraftig rengøring mens den sidder på væggen eller en dispenser, som kan afmonteres på et øjeblik for derefter at komme direkte i opvaskemaskinen, så har vi en driftsikker løsning.
<h2>Brugervenlige dispensere</h2>
For os er det vigtigt håndhygiejne er nemt tilgængeligt ved enhver offentlig arbejdsplads. Derfor lægger vi vægt på brugervenlighed til fornuftige priser, uden at gå på kompromis med kvaliteten. Vi har gjort det nemt for dig at finde de bedste dispensere og håndhygiejne produkter i praktisk hygiejnisk engangsemballage, som tåler at blive brugt mange gange dagligt. Med enkle designs passer vores dispensere ind i ethvert miljø. Vores brede sortiment af dispensere og håndhygiejne, gør vi det let for dig, at vælge det rette produkt til din klinik, institution eller virksomhed.

Er du i tvivl om hvilken dispenser der passer til den enkelte refill, eller omvendt, så sidder vi klar ved telefonen for at hjælpe dig. Ring på <a href=""tel:21959922"">21 95 99 22</a>.","Dispensere","","https://haandsprit.dk/wp-content/uploads/2019/09/dispenser-purell-sort-krom.jpg","","0","60","Dispensere til høj håndhygiejne | Kæmpe sortiment | Bestil online i dag","Se vores kæmpe udvalg af dispensere med fokus på høj håndhygiejne. Alle er brugervenlige og kan tåle kraftig rengøring samt minimal vedligeholdelse. Køb online her og få levering inden for 2 arbejdsdage.","Dispensere","","","","","","","","",""
"14","Engangshandsker","engangshandsker","https://haandsprit.dk/produkt-kategori/engangshandsker/","","","Engangshandsker","","","","","","","Om du er sygeplejerske, rengøringsassistent eller arbejdet med noget helt tredje, så er det vigtigt at passe på dine hænder. Vores hænder er det vigtigste arbejdsredskab. Med de rigtige engangshandsker, kan mange skader undgås. Derfor fører vi kvalitets- og økonomibevidste engangshandsker af de førende mærker på det Danske marked. Alle handsker fåes i ALLE størrelser.
<h2>Latex og Nitril handsker</h2>
Vores sortiment af engangshandsker er bredt. Du kan blandt andet vælge mellem Latex og Nitril enten i hvid eller blå. Skal du bruge engangshandsker til tag-selv brødudsalg eller som ""benzintank-handske"", er den klare <a title=""Køb Polyhandsker"" href=""/produkt/klar-polyhandske-unistorrelse/"">polyhandske</a> et godt valg.","Engangshandsker","","https://haandsprit.dk/wp-content/uploads/2016/04/30-0009-3960.jpg","","0","14","Engangshandsker i alle størrelser | Kæmpe sortiment og gode priser","Uanset hvem du er, er det vigtigt at passe på dine hænder. Det kan de korrekte engangshandsker hjælpe med. Se vores store udvalg og bestil her.","engangshandsker","","","","","","","","",""
"13","Førstehjælp","foerstehjaelp","https://haandsprit.dk/produkt-kategori/foerstehjaelp/","","","Førstehjælp","","","","","","","Langt de fleste af de uheld, som sker, er små uheld som kan klares med et plaster på såret. Men plastret er ikke altid lige ved hånden, eller også er saksen væk eller det helt tredje.

Vi har udviklet en lille smart forpakning med plastre, hvor alle plastre er hygiejnisk forpakket enkeltvis. Det kan betjenes med én hånd og du behøver ingen saks. Forpakningen er kompakt og kan ligge i førstehjælpskassen, i en taske, i værktøjskassen, i handskerummet og alle andre steder, hvor det kan være praktisk. 

<h2>Smarte plasterdispensere</h2>
Plaster forpakningen kan også sættes i vores <a href=""/produkt/quickfix-elastic-og-water-resistant-plasterdispenser-inklusive-90-stk-plastre/"" title=""QuickFix plasterdispenser"">QuickFix dispenser</a>, så du altid ved, hvor der er plaster og hvor meget der er tilbage. I dispenseren, der iøvrigt kan monteres på væggen, i varebilen, værkstedet mv. Der kan sidde 2 forpakninger, med hver 45 plastre. Nemt og lige ved hånden!
 
Ønsker du en lille dispenser med blot 45 plastre, så skal du vælge vores <a href=""/produkt/quickfix-mini-30-stk-elastic-plastre/"" title=""QuickFix Mini plasterdispenser"">QuickFix Mini</a> med 1 forpakning á 45 stk. elastik plastre. Den har de helt samme gode egenskaber som QuickFix, men er mindre og nemmere at tage med i værktøjskassen, førstehjælpskassen, handskerummet, tasken mv. Derudover beskytter forpakningen mod støv, snavs og fugt.","Førstehjælp","","https://haandsprit.dk/wp-content/uploads/2016/02/2007101402.jpg","","0","28","Plasterdispensere og plaster | Smarte dispensere til ethvert plaster","Hos Håndsprit.dk har vi et bredt og smart sortiment af plasterdispensere, som kan moteres på vægge, handskerummet, førstehjælpskassen og andre praktiske steder. Vores QuickFix Mini er kompakt og har 45 stk. plastre fra start. Se mere og køb online her.","Plaster / plaster dispensere","","","","","","","","",""
"12","Håndcreme, solcreme samt gel produkter","creme","https://haandsprit.dk/produkt-kategori/creme/","","","Håndcreme, solcreme samt gel produkter","","","","","","","Når du vasker, renser og desinficerer dine hænder ofte, er det vigtigt at huske den beskyttende og genopbyggende hudpleje. Ved at bruge creme før og under arbejdet forebygger du udtørring af huden og reducerer risikoen for, at skadestofferne trænger dybt ind.

<h2>Vigtigt med håndcreme på og efter arbejdet</h2>
Det er en god ide, som minimum, at bruge en genopbyggende håndcreme hver dag efter arbejde. På det tidspunkt har huden fred og ro til at genoprette sin naturlige fugt- og fedtbalance. En håndcreme bør også anvendes i løbet af arbejdsdagen for, at give dine hænder den bedst mulige beskyttelse.

Har du spørgsmål eller brug for en større ordre, skal du være velkommen til at ringe på telefon <a href=""tel:21959922"">21 95 99 22</a>.","Håndcreme, solcreme samt gel produkter","","https://haandsprit.dk/wp-content/uploads/2018/03/150722-1.jpg","","0","21","Håndcreme | En vigtig del af hverdagen | Beskyt & genopbyg hænderne","Det er vigtigt, at huske den beskyttende og genopbyggende hudpleje når du vasker, renser og desinficerer dine hænder ofte. Ved at bruge håndcreme før og under arbejdet forebygger du udtørring af huden og reducerer risikoen for, at skadestofferne trænger dybt ind.","Creme","","","","","","","","",""
"11","Håndsæbe","haandsaebe","https://haandsprit.dk/produkt-kategori/haandsaebe/","","","Håndsæbe","","","","","","","Den bedste håndhygiejne starter ved håndvasken med mild og effektive håndsæbe samt <a href=""/produkt-kategori/creme/"" title=""Kæmpe sortiment af håndcreme"">hudplejecreme</a>. Det er vigtigt, at huden bliver helt ren – hver dag. Hermed undgår du spredning af bakterier og vira samt du får det bedst mulige udgangspunkt for forebyggende hudpleje med hudplejecreme.

<h2>Rene hænder holder dig rask</h2>
Med en ordentlig håndsæbe, forkæler du dine hænder –fugter og bløddøre dem. En mild og effektiv håndsæbe er giver næring og er skånsom over for dine hænder.
Du rører utallige ting med dine hænder i løbet af en dag, heriblandt mennesker. Ved hver berøring overføres snavs, bakterier mv. –hvis du ikke har vasket dine hænder. Derfor er det vigtigt, at du holder dine hænder rene med en god håndsæbe eller ligende, specielt efter du har rørt ved pengesedler, madvarer samt toiletbesøg osv. En god <a href=""/"" title=""God håndhygiejne holder dig rask"">håndhygiejne</a> kan sikrer, at eksempelvis infektionssygdomme ikke bliver spredt.

<h2>Fast og flydende håndsæbe</h2>
Der er både fordele og ulemper ved, at købe flydende og fast håndsæbe. Flydende håndsæbe indholder generelt mere vand og kræver derfor også mere emballage. Dog er flydende håndsæbe en fordel, hvis man skal dele den med flere.
<a href=""/produkt-kategori/haandsaebe/haandsaebe-stykvis/"" title=""Fast håndsæbe af kvalitet"">Fast håndsæbe</a> har færre konserveringsmidler og bruger mindre ressourcer på emballage samt transport. Dog kan den gemme på bakterier.","Håndsæbe","","https://haandsprit.dk/wp-content/uploads/2016/07/1661-1677_sæbe-mild_600ml.jpg","","0","35","Håndsæbe til institutioner, virksomheder og private | Køb håndsæbe","Ren hud er vigtigt. En korrekt håndhygiejne starter med håndvask med milde samt effektive håndsæber og håndplejecreme. Derfor har vi et stort udvalg af håndsæbe til ethvert formål. Men god håndsæbe, undgår du spredning af bakterier og vira. Se vores brede sortiment af håndsæbe og køb online her.","Håndsæbe","","","","","","","","",""
"10","Håndsprit","haandsprit","https://haandsprit.dk/produkt-kategori/haandsprit/","","","Håndsprit","","","","","","","Vores hænder er den største smittekilde vi har. Med hyppig håndvask og hånddesinfektion kan du øge hygiejnen og forebygge smittespredning.
Når risikoen for overførsel af bakterier og vira skal mindskes, er en alkoholbaseret hånddesinfektion dokumenteret effektiv.

<h2>Effektiv håndsprit</h2>
Med grundig <a href=""/"" title=""God håndhygiejne kan reducere risiko for smitte"">håndhygiejne</a> mindskes risikoen for smitte med farlige bakterier.

Vi har et kæmpe sortiment af håndsprit til ethvert formål. Alt fra <a href=""/produkt-kategori/haandsprit/abena-haandsprit/"" title=""Abena håndsprit"">Abena</a>, til <a href="""" title=""Danapura håndsprit"">Danapure</a>, <a href=""/produkt-kategori/haandsprit/derma-haandsprit/"" title=""Derma håndsprit"">Derma håndsprit</a>, og <a href="""" title=""Purell håndsprit skum"">Purell skum</a> samt <a href=""/produkt-kategori/haandsprit/purell-haandsprit-gel/"" title=""Purell håndsprit gel"">Purell gel</a>.

Har du spørgsmål eller brug for en større ordre, skal du være velkommen til at ringe på telefon <a href=""tel:21959922"">21 95 99 22</a>.","Håndsprit","","https://haandsprit.dk/wp-content/uploads/2017/05/150742.jpg","","0","45","Håndsprit øger håndhygiejne og reducer risikoen for smitte | Køb her","Med korrekt håndsprit øger du ikke bare håndhygiejnen, men også dine hænders helbred. Vi har et bredt sortiment af håndsprit til ethvert formål. Om det er til offentlige institutioner, virksomheder eller til privat brug, så har vi den håndsprit du skal bruge. Se mere og køb online her.","Håndsprit","","","","","","","","",""
